Date,Payee,Description,Amount,Currency,Beancount_Id
2023-01-01,,Opening Balance for checking account,3817.85,USD,0bb1effd67
2023-01-04,BANK FEES,Monthly bank fee,-4.00,USD,2fcf382008
2023-01-05,RiverBank Properties,Paying the rent,-2400.00,USD,2dd232f43f
2023-01-05,Hooli,Payroll,1350.60,USD,777a35d998
2023-01-08,EDISON POWER,,-65.00,USD,71cb5e5c21
2023-01-08,Chase:Slate,Paying off credit card,-62.21,USD,f436b23529
2023-01-19,Hooli,Payroll,1350.60,USD,064c476549
2023-01-20,Verizon Wireless,,-53.67,USD,0bbea817e9
2023-01-22,Wine-Tarner Cable,,-80.03,USD,2125fd5b32
2023-02-02,Hooli,Payroll,1350.60,USD,f554eaf6aa
2023-02-04,BANK FEES,Monthly bank fee,-4.00,USD,e566ce6d8c
2023-02-05,RiverBank Properties,Paying the rent,-2400.00,USD,6b7c1b7a9b
2023-02-08,EDISON POWER,,-65.00,USD,f92746e1a9
2023-02-10,Chase:Slate,Paying off credit card,-586.88,USD,5a255f8106
2023-02-16,Hooli,Payroll,1350.60,USD,2ba5f5116d
2023-02-20,Verizon Wireless,,-59.34,USD,f90d509afd
2023-02-22,Wine-Tarner Cable,,-80.07,USD,feeb4946d1
2023-03-02,Hooli,Payroll,1350.60,USD,f805fe1174
2023-03-04,BANK FEES,Monthly bank fee,-4.00,USD,51cd4747eb
2023-03-04,RiverBank Properties,Paying the rent,-2400.00,USD,74d6670653
2023-03-08,Chase:Slate,Paying off credit card,-547.95,USD,efc6771f2d
2023-03-09,EDISON POWER,,-65.00,USD,88588e84b7
2023-03-16,Hooli,Payroll,1350.60,USD,23a0954d4a
2023-03-20,Verizon Wireless,,-75.02,USD,3083d25187
2023-03-21,Wine-Tarner Cable,,-79.91,USD,8622dd6fe8
2023-03-30,Hooli,Payroll,1350.60,USD,93833cc96d
2023-04-03,RiverBank Properties,Paying the rent,-2400.00,USD,174ca6c502
2023-04-04,BANK FEES,Monthly bank fee,-4.00,USD,315f3b6277
2023-04-08,EDISON POWER,,-65.00,USD,b268fff15a
2023-04-10,Chase:Slate,Paying off credit card,-743.04,USD,04c177caa3
2023-04-13,Hooli,Payroll,1350.60,USD,bec769d808
2023-04-18,Verizon Wireless,,-77.45,USD,e28475f842
2023-04-21,Wine-Tarner Cable,,-79.96,USD,8f5af55d6c
2023-04-27,Hooli,Payroll,1350.60,USD,81e574291d
2023-05-04,BANK FEES,Monthly bank fee,-4.00,USD,0ed9e543ae
2023-05-04,RiverBank Properties,Paying the rent,-2400.00,USD,1d63f82c36
2023-05-07,Chase:Slate,Paying off credit card,-657.07,USD,9ff7bffe5a
2023-05-09,EDISON POWER,,-65.00,USD,820d4d8c21
2023-05-11,Hooli,Payroll,1350.60,USD,30d550e97c
2023-05-20,Verizon Wireless,,-78.62,USD,5da4e7fee6
2023-05-21,Wine-Tarner Cable,,-79.83,USD,2f54c1ab5d
2023-05-25,Hooli,Payroll,1350.60,USD,33d0ea9ffe
2023-06-04,BANK FEES,Monthly bank fee,-4.00,USD,d3838a12f8
2023-06-05,RiverBank Properties,Paying the rent,-2400.00,USD,05e0105084
2023-06-07,Chase:Slate,Paying off credit card,-584.40,USD,565ace00c6
2023-06-08,EDISON POWER,,-65.00,USD,e95e965353
2023-06-08,Hooli,Payroll,1350.60,USD,7f3b2c767e
2023-06-19,Verizon Wireless,,-70.00,USD,6bd4a19ee5
2023-06-22,Wine-Tarner Cable,,-79.94,USD,887b896d19
2023-06-22,Hooli,Payroll,1350.60,USD,a5b597c104
2023-07-04,BANK FEES,Monthly bank fee,-4.00,USD,bb6543d224
2023-07-04,RiverBank Properties,Paying the rent,-2400.00,USD,043a08e55f
2023-07-06,Hooli,Payroll,1350.60,USD,a18ec20b7e
2023-07-08,Chase:Slate,Paying off credit card,-622.75,USD,47c01551f3
2023-07-09,EDISON POWER,,-65.00,USD,e999ce0197
2023-07-19,Verizon Wireless,,-55.72,USD,65e5bfdb57
2023-07-20,Hooli,Payroll,1350.60,USD,078112306a
2023-07-22,Wine-Tarner Cable,,-79.91,USD,69c17743a6
2023-08-03,Hooli,Payroll,2050.60,USD,663ed9ca2c
2023-08-04,BANK FEES,Monthly bank fee,-4.00,USD,a02e831e94
2023-08-05,RiverBank Properties,Paying the rent,-2400.00,USD,4981927ccc
2023-08-09,EDISON POWER,,-65.00,USD,c0d8a1fa63
2023-08-10,Chase:Slate,Paying off credit card,-742.09,USD,d185ca8293
2023-08-17,Hooli,Payroll,2550.60,USD,d2acdbf16f
2023-08-20,Verizon Wireless,,-66.55,USD,ed4e31c704
2023-08-23,Wine-Tarner Cable,,-80.12,USD,a47e0068ae
2023-08-31,Hooli,Payroll,2550.60,USD,4484eba2d2
2023-09-04,BANK FEES,Monthly bank fee,-4.00,USD,7b34dedf55
2023-09-06,RiverBank Properties,Paying the rent,-2400.00,USD,dc05fb6287
2023-09-08,EDISON POWER,,-65.00,USD,64768fec65
2023-09-08,Chase:Slate,Paying off credit card,-515.11,USD,2afcd53344
2023-09-14,Hooli,Payroll,2550.60,USD,667f311f2b
2023-09-15,,Transfering accumulated savings to other account,-4000,USD,c6a351573a
2023-09-18,Verizon Wireless,,-59.10,USD,5261bd57dd
2023-09-23,Wine-Tarner Cable,,-80.04,USD,3288f7c358
2023-09-28,Hooli,Payroll,2550.60,USD,08b0f39bfd
2023-10-04,BANK FEES,Monthly bank fee,-4.00,USD,8c2e2baee6
2023-10-05,RiverBank Properties,Paying the rent,-2400.00,USD,4a268e6501
2023-10-08,Chase:Slate,Paying off credit card,-707.65,USD,3264a85310
2023-10-09,EDISON POWER,,-65.00,USD,0ca6956106
2023-10-12,Hooli,Payroll,2550.60,USD,3cd568251a
2023-10-20,Verizon Wireless,,-63.03,USD,081d23a878
2023-10-23,Wine-Tarner Cable,,-80.10,USD,b645e91576
2023-10-26,Hooli,Payroll,2550.60,USD,4c2b6f384f
2023-11-04,BANK FEES,Monthly bank fee,-4.00,USD,24f5a132da
2023-11-06,RiverBank Properties,Paying the rent,-2400.00,USD,5a25491f8a
2023-11-09,EDISON POWER,,-65.00,USD,cc6f06302f
2023-11-09,Hooli,Payroll,2550.60,USD,e899b40a16
2023-11-10,,Transfering accumulated savings to other account,-4000,USD,ac3b28628e
2023-11-11,Chase:Slate,Paying off credit card,-747.15,USD,c2f0a94663
2023-11-19,Verizon Wireless,,-68.54,USD,1cccd594d0
2023-11-21,Wine-Tarner Cable,,-79.91,USD,6970ebfe53
2023-11-23,Hooli,Payroll,2550.60,USD,8ab5df0c57
2023-12-04,BANK FEES,Monthly bank fee,-4.00,USD,b4b9451dc9
2023-12-05,RiverBank Properties,Paying the rent,-2400.00,USD,a86a3c54f2
2023-12-07,Chase:Slate,Paying off credit card,-252.20,USD,58f6e9e056
2023-12-07,Hooli,Payroll,2589.06,USD,7c8433d681
2023-12-08,EDISON POWER,,-65.00,USD,ea2a509df5
2023-12-18,Verizon Wireless,,-66.98,USD,a63f737ff8
2023-12-21,Wine-Tarner Cable,,-79.97,USD,1804876a20
2023-12-21,Hooli,Payroll,2832.14,USD,cfbeb06419
2024-01-04,BANK FEES,Monthly bank fee,-4.00,USD,d79b5db445
2024-01-04,RiverBank Properties,Paying the rent,-2400.00,USD,38e1516786
2024-01-04,Hooli,Payroll,1350.60,USD,fdc7b1ad0f
2024-01-07,Chase:Slate,Paying off credit card,-681.65,USD,17b3c25b27
2024-01-08,EDISON POWER,,-65.00,USD,d55c98abfb
2024-01-18,Verizon Wireless,,-56.43,USD,24f2162f90
2024-01-18,Hooli,Payroll,1350.60,USD,a9917cc6c5
2024-01-22,Wine-Tarner Cable,,-79.94,USD,a2299fcfb6
2024-02-01,Hooli,Payroll,1350.60,USD,2cda6f27b1
2024-02-04,BANK FEES,Monthly bank fee,-4.00,USD,ec8458fb80
2024-02-05,RiverBank Properties,Paying the rent,-2400.00,USD,0c0b504473
2024-02-08,Chase:Slate,Paying off credit card,-640.83,USD,5be8ed9688
2024-02-09,EDISON POWER,,-65.00,USD,91d786291f
2024-02-15,Hooli,Payroll,1350.60,USD,d62094f374
2024-02-20,Verizon Wireless,,-73.15,USD,0264034aa6
2024-02-23,Wine-Tarner Cable,,-79.99,USD,973d08c2a3
2024-02-29,Hooli,Payroll,1350.60,USD,93a1c9dcaa
2024-03-04,BANK FEES,Monthly bank fee,-4.00,USD,86a2b72607
2024-03-05,RiverBank Properties,Paying the rent,-2400.00,USD,3ab237d08d
2024-03-08,EDISON POWER,,-65.00,USD,9cd2a3a7ac
2024-03-10,Chase:Slate,Paying off credit card,-632.81,USD,fe951fe38d
2024-03-14,Hooli,Payroll,1350.60,USD,5e95ebefd6
2024-03-18,Verizon Wireless,,-70.96,USD,5b992d8f1b
2024-03-22,Wine-Tarner Cable,,-80.05,USD,956ee21970
2024-03-23,,FEDERAL TAXPYMT,-373.30,USD,10a682957b
2024-03-24,,STATE TAX & FINANC PYMT,-305.92,USD,4895b8af0d
2024-03-28,Hooli,Payroll,1350.60,USD,7609f37814
2024-04-04,BANK FEES,Monthly bank fee,-4.00,USD,548f8b86d8
2024-04-05,RiverBank Properties,Paying the rent,-2400.00,USD,33706daac6
2024-04-08,EDISON POWER,,-65.00,USD,055c1f8c9d
2024-04-11,Chase:Slate,Paying off credit card,-509.50,USD,af65c19792
2024-04-11,Hooli,Payroll,1350.60,USD,cd7ac896cd
2024-04-20,Verizon Wireless,,-59.65,USD,14f38ebf91
2024-04-22,Wine-Tarner Cable,,-79.83,USD,5eeb26cc90
2024-04-25,Hooli,Payroll,1350.60,USD,5bccc117d8
2024-05-03,RiverBank Properties,Paying the rent,-2400.00,USD,5cb9f2c9c4
2024-05-04,BANK FEES,Monthly bank fee,-4.00,USD,a2ce0b9de7
2024-05-08,EDISON POWER,,-65.00,USD,2de87c26e4
2024-05-09,Chase:Slate,Paying off credit card,-692.49,USD,5f9c428011
2024-05-09,Hooli,Payroll,1350.60,USD,2f4bf3608c
2024-05-18,Verizon Wireless,,-72.19,USD,f73f5427f5
2024-05-23,Wine-Tarner Cable,,-80.02,USD,701c152e99
2024-05-23,Hooli,Payroll,1350.60,USD,e19464ffe6
2024-06-04,BANK FEES,Monthly bank fee,-4.00,USD,544f2724b0
2024-06-04,RiverBank Properties,Paying the rent,-2400.00,USD,7826fab214
2024-06-06,Hooli,Payroll,1350.60,USD,58e1b8d819
2024-06-08,Chase:Slate,Paying off credit card,-611.33,USD,f3d737acc4
2024-06-09,EDISON POWER,,-65.00,USD,8c3663a725
2024-06-18,Verizon Wireless,,-54.87,USD,f57e68f146
2024-06-20,Hooli,Payroll,1350.60,USD,fca2bf2291
2024-06-22,Wine-Tarner Cable,,-80.00,USD,8ab09522f8
2024-07-04,BANK FEES,Monthly bank fee,-4.00,USD,063d17b18a
2024-07-04,RiverBank Properties,Paying the rent,-2400.00,USD,742334d632
2024-07-04,Hooli,Payroll,1350.60,USD,3116655bdd
2024-07-09,EDISON POWER,,-65.00,USD,346434af71
2024-07-09,Chase:Slate,Paying off credit card,-739.54,USD,0e48e61a9a
2024-07-18,Hooli,Payroll,1350.60,USD,d88b47d887
2024-07-20,Verizon Wireless,,-58.30,USD,1ff93947ce
2024-07-23,Wine-Tarner Cable,,-79.98,USD,8722a1cbaa
2024-08-01,Hooli,Payroll,2050.60,USD,7389ac955e
2024-08-03,RiverBank Properties,Paying the rent,-2400.00,USD,8db842dd64
2024-08-04,BANK FEES,Monthly bank fee,-4.00,USD,62f190526f
2024-08-07,Chase:Slate,Paying off credit card,-561.36,USD,13d7103122
2024-08-09,EDISON POWER,,-65.00,USD,fb71166433
2024-08-15,Hooli,Payroll,2550.60,USD,da58aeeef8
2024-08-16,,Transfering accumulated savings to other account,-3000,USD,e75a4db055
2024-08-20,Verizon Wireless,,-40.49,USD,19ec98e9d4
2024-08-22,Wine-Tarner Cable,,-79.81,USD,8bc360ea6f
2024-08-29,Hooli,Payroll,2550.60,USD,13f08aa86c
2024-09-04,BANK FEES,Monthly bank fee,-4.00,USD,fd8a39e640
2024-09-06,RiverBank Properties,Paying the rent,-2400.00,USD,6c9fb739be
2024-09-08,EDISON POWER,,-65.00,USD,9040e0b200
2024-09-11,Chase:Slate,Paying off credit card,-715.34,USD,6cb7aec182
2024-09-12,Hooli,Payroll,2550.60,USD,2cfbec6288
2024-09-20,Verizon Wireless,,-58.84,USD,ee679d4562
2024-09-21,Wine-Tarner Cable,,-79.87,USD,6fa2764208
2024-09-26,Hooli,Payroll,2550.60,USD,cf12b48859
2024-10-04,BANK FEES,Monthly bank fee,-4.00,USD,1be9610791
2024-10-06,RiverBank Properties,Paying the rent,-2400.00,USD,d6bee786af
2024-10-07,Chase:Slate,Paying off credit card,-435.05,USD,0ed5355e63
2024-10-09,EDISON POWER,,-65.00,USD,00d125576b
2024-10-10,Hooli,Payroll,2550.60,USD,e236beca0a
2024-10-11,,Transfering accumulated savings to other account,-4500,USD,cfdfc59b69
2024-10-18,Verizon Wireless,,-70.13,USD,2ec3df7fef
2024-10-23,Wine-Tarner Cable,,-79.99,USD,eb50051487
2024-10-24,Hooli,Payroll,2550.60,USD,2c243eecae
2024-11-03,RiverBank Properties,Paying the rent,-2400.00,USD,b26760590f
2024-11-04,BANK FEES,Monthly bank fee,-4.00,USD,dd6acedb00
2024-11-07,Hooli,Payroll,2550.60,USD,64f9f89eac
2024-11-08,EDISON POWER,,-65.00,USD,5ac3fe6315
2024-11-09,Chase:Slate,Paying off credit card,-691.04,USD,4a4acc262a
2024-11-20,Verizon Wireless,,-56.18,USD,f3362908bb
2024-11-21,Hooli,Payroll,2550.60,USD,652002ac25
2024-11-23,Wine-Tarner Cable,,-79.74,USD,a40613168a
2024-12-04,BANK FEES,Monthly bank fee,-4.00,USD,5dcfe1b6bf
2024-12-04,RiverBank Properties,Paying the rent,-2400.00,USD,c208f10d40
2024-12-05,Hooli,Payroll,2589.06,USD,339144b029
2024-12-09,EDISON POWER,,-65.00,USD,adf7d08c82
2024-12-09,Chase:Slate,Paying off credit card,-701.71,USD,e9e72d6f77
2024-12-18,Verizon Wireless,,-60.95,USD,b99f912ac4
2024-12-19,Hooli,Payroll,2832.14,USD,334a262ecb
2024-12-23,Wine-Tarner Cable,,-79.90,USD,17ea497658
2025-01-02,Hooli,Payroll,1350.60,USD,3bb9e1a551
2025-01-04,BANK FEES,Monthly bank fee,-4.00,USD,994ddb608e
2025-01-04,RiverBank Properties,Paying the rent,-2400.00,USD,fa3ae76854
2025-01-07,Chase:Slate,Paying off credit card,-639.54,USD,1ec4bb6d55
2025-01-09,EDISON POWER,,-65.00,USD,da503b1482
2025-01-16,Hooli,Payroll,1350.60,USD,1889da8ef5
2025-01-20,Verizon Wireless,,-59.04,USD,f6dce8a0b8
2025-01-22,Wine-Tarner Cable,,-79.95,USD,a487b8aaf3
2025-01-30,Hooli,Payroll,1350.60,USD,801b6c9b85
2025-02-04,BANK FEES,Monthly bank fee,-4.00,USD,2b24b832e2
2025-02-04,RiverBank Properties,Paying the rent,-2400.00,USD,32bbdbab86
2025-02-08,EDISON POWER,,-65.00,USD,76afd1dfba
2025-02-10,Chase:Slate,Paying off credit card,-710.15,USD,a69c9460f7
2025-02-13,Hooli,Payroll,1350.60,USD,a970f30102
2025-02-18,Verizon Wireless,,-67.32,USD,287c635dc8
2025-02-23,Wine-Tarner Cable,,-79.98,USD,f7f6cc4a8e
2025-02-27,Hooli,Payroll,1350.60,USD,ef1040274e
2025-03-04,BANK FEES,Monthly bank fee,-4.00,USD,42af1bd69b
2025-03-06,RiverBank Properties,Paying the rent,-2400.00,USD,bdf175bee2
2025-03-07,Chase:Slate,Paying off credit card,-549.69,USD,74eafc3bde
2025-03-08,EDISON POWER,,-65.00,USD,3dd524dbe8
2025-03-13,Hooli,Payroll,1350.60,USD,8e57dbef58
2025-03-20,Verizon Wireless,,-53.98,USD,184f5926ff
2025-03-23,Wine-Tarner Cable,,-79.95,USD,b56beae7b8
2025-03-24,,STATE TAX & FINANC PYMT,-372.00,USD,6f966e61ce
2025-03-27,Hooli,Payroll,1350.60,USD,059031b0df
2025-03-28,,FEDERAL TAXPYMT,-524.30,USD,21ca3e0a70
2025-04-04,BANK FEES,Monthly bank fee,-4.00,USD,d84353ff94
2025-04-04,RiverBank Properties,Paying the rent,-2400.00,USD,4177dfd780
2025-04-09,EDISON POWER,,-65.00,USD,4e9d37a2e6
2025-04-10,Hooli,Payroll,1350.60,USD,4edcdd38c5
2025-04-11,Chase:Slate,Paying off credit card,-675.25,USD,61142978b2
2025-04-20,Verizon Wireless,,-52.86,USD,b9a82f1f96
2025-04-22,Wine-Tarner Cable,,-79.94,USD,74aac09ac7
2025-04-24,Hooli,Payroll,1350.60,USD,ebacd4e683
2025-05-04,BANK FEES,Monthly bank fee,-4.00,USD,75c3a4393f
2025-05-06,RiverBank Properties,Paying the rent,-2400.00,USD,0f790242a1
2025-05-08,Chase:Slate,Paying off credit card,-532.01,USD,c0ad9077a9
2025-05-08,Hooli,Payroll,1350.60,USD,fd82490661
2025-05-09,EDISON POWER,,-65.00,USD,19280172b4
2025-05-20,Verizon Wireless,,-58.80,USD,ccc6ccc6ae
2025-05-22,Hooli,Payroll,1350.60,USD,7b286bf401
2025-05-23,Wine-Tarner Cable,,-80.04,USD,e0b5062083
2025-06-04,BANK FEES,Monthly bank fee,-4.00,USD,ded869b8c4
2025-06-04,RiverBank Properties,Paying the rent,-2400.00,USD,2348fff516
2025-06-05,Hooli,Payroll,1350.60,USD,38a8152c73
2025-06-08,EDISON POWER,,-65.00,USD,926fecc080
2025-06-11,Chase:Slate,Paying off credit card,-341.68,USD,bbc0318a73
2025-06-18,Verizon Wireless,,-47.91,USD,70156d733f
2025-06-19,Hooli,Payroll,1350.60,USD,d6630fc475
2025-06-23,Wine-Tarner Cable,,-79.95,USD,99e9e337e1
2025-07-03,Hooli,Payroll,1350.60,USD,85347e1c5f
2025-07-04,BANK FEES,Monthly bank fee,-4.00,USD,fb8af43a33
2025-07-05,RiverBank Properties,Paying the rent,-2400.00,USD,bc6e6f9399
2025-07-09,EDISON POWER,,-65.00,USD,313c1f3d3e
2025-07-10,Chase:Slate,Paying off credit card,-563.12,USD,d27e8987ab
2025-07-17,Hooli,Payroll,1350.60,USD,67e15134fa
2025-07-18,Verizon Wireless,,-61.48,USD,e48fa1f30e
2025-07-22,Wine-Tarner Cable,,-79.81,USD,e1517263f0
2025-07-31,Hooli,Payroll,2050.60,USD,b7d34028b5
2025-08-04,BANK FEES,Monthly bank fee,-4.00,USD,0a2908ed86
2025-08-06,RiverBank Properties,Paying the rent,-2400.00,USD,6f30a423c4
2025-08-08,Chase:Slate,Paying off credit card,-566.50,USD,862c7a220f
2025-08-09,EDISON POWER,,-65.00,USD,329a5ce237
2025-08-14,Hooli,Payroll,2550.60,USD,1ddc6c1132
2025-08-15,,Transfering accumulated savings to other account,-4500,USD,0775ee24b2
2025-08-18,Verizon Wireless,,-85.03,USD,6bf9447b5c
2025-08-23,Wine-Tarner Cable,,-80.20,USD,33dd126ac8
2025-08-28,Hooli,Payroll,2550.60,USD,afdc980ce5
2025-09-04,BANK FEES,Monthly bank fee,-4.00,USD,833191a6f8
2025-09-05,RiverBank Properties,Paying the rent,-2400.00,USD,bc3453e991
2025-09-07,Chase:Slate,Paying off credit card,-569.03,USD,85f685f16e
2025-09-08,EDISON POWER,,-65.00,USD,1edb9c04e1
2025-09-11,Hooli,Payroll,2550.60,USD,333a0bc58e
2025-09-19,Verizon Wireless,,-60.56,USD,2415e6b8c8
2025-09-21,Wine-Tarner Cable,,-80.03,USD,2c5f8893aa
2025-09-25,Hooli,Payroll,2550.60,USD,7e1f56b034
2025-10-04,BANK FEES,Monthly bank fee,-4.00,USD,7ef992ca96
2025-10-04,RiverBank Properties,Paying the rent,-2400.00,USD,0cf5b84160
2025-10-09,EDISON POWER,,-65.00,USD,2f3c793d65
2025-10-09,Chase:Slate,Paying off credit card,-701.47,USD,9dbd0e82b9
2025-10-09,Hooli,Payroll,2550.60,USD,2a671dbdda
2025-10-10,,Transfering accumulated savings to other account,-4000,USD,69e908bbbd
2025-10-20,Verizon Wireless,,-54.59,USD,debc3f92c0
2025-10-23,Wine-Tarner Cable,,-80.03,USD,5c2b2c7eaa
2025-10-23,Hooli,Payroll,2550.60,USD,632b5fe0a6
2025-11-04,BANK FEES,Monthly bank fee,-4.00,USD,ebc695be0f
2025-11-06,RiverBank Properties,Paying the rent,-2400.00,USD,34c2ba23c0
2025-11-06,Hooli,Payroll,2550.60,USD,9e36d5acfa
2025-11-07,Chase:Slate,Paying off credit card,-482.70,USD,cacd0604ba
2025-11-09,EDISON POWER,,-65.00,USD,f97ab381a3
2025-11-19,Verizon Wireless,,-71.27,USD,d0d3476da4
2025-11-20,Hooli,Payroll,2550.60,USD,39d2cba17b
2025-11-21,,Transfering accumulated savings to other account,-4500,USD,689d1a693d
2025-11-22,Wine-Tarner Cable,,-79.84,USD,4811c1859a
2025-12-04,BANK FEES,Monthly bank fee,-4.00,USD,87bc667071
2025-12-04,Hooli,Payroll,2589.06,USD,c9650fdd1b
2025-12-06,Whole Foods,Weekly groceries,-125.47 USD,1a2b3c4d5e
2025-12-07,Amazon,Online book purchase,-28.99 USD,6f7e8d9c0b
2025-12-09,Verizon Wireless,Phone bill,-54.59 USD,a1b2c3d4e5f
2025-12-11,Hooli,Payroll,2589.06 USD,g7h8i9j0k1l
2025-12-15,Chase:Slate,Paying off credit card,-312.45 USD,m2n3o4p5q6r
2025-12-18,LA Fitness,Membership fee,-45.00 USD,s7t8u9v0w1x
2025-12-20,,Transfer to savings account,-1500.00 USD,y2z3a4b5c6d
2025-12-22,EDISON POWER,Electricity bill,-68.25 USD,e7f8g9h0i1j
2025-12-24,Wine-Tarner Cable,Cable and internet,-82.14 USD,k2l3m4n5o6p
2025-12-27,Starbucks,Coffee run,-15.75 USD,q7r8s9t0u1v
2026-01-03,BANK FEES,Annual service fee,-12.00 USD,w2x3y4z5a6b
2026-01-05,Hooli,Payroll,2620.50 USD,c7d8e9f0g1h
2026-01-07,RiverBank Properties,Rent payment,-2400.00 USD,i2j3k4l5m6n
2026-01-10,Netflix,Subscription,-15.49 USD,o7p8q9r0s1t
2026-01-12,Target,Household supplies,-89.30 USD,u2v3w4x5y6z
2026-01-15,Chase:Slate,Paying off credit card,-456.78 USD,a7b8c9d0e1f
2026-01-17,Apple Store,App purchase,-9.99 USD,g2h3i4j5k6l
2026-01-20,Hooli,Payroll,2620.50 USD,m7n8o9p0q1r
2026-01-22,,Transfer to investment account,-2000.00 USD,s2t3u4v5w6x
2026-01-25,Verizon Wireless,Phone bill,-56.20 USD,y7z8a9b0c1d
2026-01-27,EDISON POWER,Electricity bill,-70.10 USD,e2f3g4h5i6j
2026-01-30,Wine-Tarner Cable,Cable and internet,-84.67 USD,k7l8m9n0o1p
2026-02-02,BANK FEES,Monthly fee,-4.00 USD,q2r3s4t5u6v
2026-02-04,Hooli,Payroll,2652.00 USD,w7x8y9z0a1b
2026-02-06,Whole Foods,Weekly groceries,-132.15 USD,c2d3e4f5g6h
2026-02-08,Amazon,Electronics accessory,-45.67 USD,i7j8k9l0m1n
2026-02-10,LA Fitness,Membership fee,-45.00 USD,o2p3q4r5s6t
2026-02-12,Chase:Slate,Paying off credit card,-289.34 USD,u7v8w9x0y1z
2026-02-15,,Transfer to savings account,-1800.00 USD,a2b3c4d5e6f
2026-02-17,Starbucks,Coffee run,-18.90 USD,g7h8i9j0k1l
2026-02-20,Hooli,Payroll,2652.00 USD,m2n3o4p5q6r
2026-02-22,RiverBank Properties,Rent payment,-2400.00 USD,s7t8u9v0w1x
2026-02-25,Target,Clothing purchase,-67.89 USD,y2z3a4b5c6d
2026-02-27,EDISON POWER,Electricity bill,-65.40 USD,e7f8g9h0i1j
2026-03-02,Wine-Tarner Cable,Cable and internet,-81.23 USD,k2l3m4n5o6p
2026-03-04,BANK FEES,Monthly fee,-4.00 USD,q7r8s9t0u1v
2026-03-06,Hooli,Payroll,2685.25 USD,w2x3y4z5a6b
2026-03-08,Netflix,Subscription,-15.49 USD,c7d8e9f0g1h
2026-03-10,Whole Foods,Weekly groceries,-140.22 USD,i2j3k4l5m6n
2026-03-12,Apple Store,App purchase,-12.99 USD,o7p8q9r0s1t
2026-03-15,Chase:Slate,Paying off credit card,-378.92 USD,u2v3w4x5y6z
2026-03-17,,Transfer to investment account,-2200.00 USD,a7b8c9d0e1f
2026-03-20,Hooli,Payroll,2685.25 USD,g2h3i4j5k6l
2026-03-22,Verizon Wireless,Phone bill,-58.45 USD,m7n8o9p0q1r
2026-03-24,LA Fitness,Membership fee,-45.00 USD,s2t3u4v5w6x
2026-03-27,Amazon,Book order,-35.10 USD,y7z8a9b0c1d
2026-03-29,Starbucks,Coffee run,-16.50 USD,e2f3g4h5i6j
2026-04-01,BANK FEES,Monthly fee,-4.00 USD,k7l8m9n0o1p
2026-04-03,Hooli,Payroll,2720.00 USD,q2r3s4t5u6v
2026-04-05,RiverBank Properties,Rent payment,-2450.00 USD,w7x8y9z0a1b
2026-04-07,Target,Household supplies,-95.60 USD,c2d3e4f5g6h
2026-04-10,EDISON POWER,Electricity bill,-72.80 USD,i7j8k9l0m1n
2026-04-12,Wine-Tarner Cable,Cable and internet,-86.95 USD,o2p3q4r5s6t
2026-04-15,Chase:Slate,Paying off credit card,-423.67 USD,u7v8w9x0y1z
2026-04-17,Whole Foods,Weekly groceries,-145.30 USD,a2b3c4d5e6f
2026-04-20,Hooli,Payroll,2720.00 USD,g7h8i9j0k1l
2026-04-22,,Transfer to savings account,-1900.00 USD,m2n3o4p5q6r
2026-04-25,Netflix,Subscription,-15.49 USD,s7t8u9v0w1x
2026-04-27,Verizon Wireless,Phone bill,-60.10 USD,y2z3a4b5c6d
2026-05-01,BANK FEES,Monthly fee,-4.00 USD,e7f8g9h0i1j
2026-05-03,Hooli,Payroll,2755.50 USD,k2l3m4n5o6p
2026-05-05,LA Fitness,Membership fee,-45.00 USD,q7r8s9t0u1v
2026-05-07,Amazon,Clothing order,-52.40 USD,w2x3y4z5a6b
2026-05-10,Starbucks,Coffee run,-20.10 USD,c7d8e9f0g1h
2026-05-12,Apple Store,App purchase,-14.99 USD,i2j3k4l5m6n
2026-05-15,Chase:Slate,Paying off credit card,-361.25 USD,o7p8q9r0s1t
2026-05-17,RiverBank Properties,Rent payment,-2450.00 USD,u2v3w4x5y6z
2026-05-20,Hooli,Payroll,2755.50 USD,a7b8c9d0e1f
2026-05-22,EDISON POWER,Electricity bill,-75.15 USD,g2h3i4j5k6l
2026-05-24,Wine-Tarner Cable,Cable and internet,-89.40 USD,m7n8o9p0q1r
2026-05-27,Target,Weekly groceries,-110.75 USD,s2t3u4v5w6x
2026-05-29,,Transfer to investment account,-2400.00 USD,y7z8a9b0c1d
2026-06-02,BANK FEES,Monthly fee,-4.00 USD,e2f3g4h5i6j
2026-06-04,Hooli,Payroll,2790.00 USD,k7l8m9n0o1p
2026-06-06,Whole Foods,Household supplies,-155.80 USD,q2r3s4t5u6v
2026-06-08,Netflix,Subscription,-15.49 USD,w7x8y9z0a1b
2026-06-10,Verizon Wireless,Phone bill,-61.75 USD,c2d3e4f5g6h
2026-06-12,LA Fitness,Membership fee,-45.00 USD,i7j8k9l0m1n
2026-06-15,Chase:Slate,Paying off credit card,-498.90 USD,o2p3q4r5s6t
2026-06-17,Amazon,Book purchase,-41.20 USD,u7v8w9x0y1z
2026-06-20,Hooli,Payroll,2790.00 USD,a2b3c4d5e6f
2026-06-22,Starbucks,Coffee run,-17.25 USD,g7h8i9j0k1l
2026-06-25,EDISON POWER,Electricity bill,-78.50 USD,m2n3o4p5q6r
2026-06-27,Wine-Tarner Cable,Cable and internet,-92.15 USD,s7t8u9v0w1x
2026-07-01,BANK FEES,Monthly fee,-4.00 USD,y2z3a4b5c6d
2026-07-03,Hooli,Payroll,2825.75 USD,e7f8g9h0i1j
2026-07-05,RiverBank Properties,Rent payment,-2500.00 USD,k2l3m4n5o6p
2026-07-07,Target,Clothing,-72.30 USD,q7r8s9t0u1v
2026-07-10,Apple Store,App purchase,-16.99 USD,w2x3y4z5a6b
2026-07-12,,Transfer to savings account,-2100.00 USD,c7d8e9f0g1h
2026-07-15,Chase:Slate,Paying off credit card,-334.80 USD,i2j3k4l5m6n
2026-07-17,Whole Foods,Weekly groceries,-162.45 USD,o7p8q9r0s1t
2026-07-20,Hooli,Payroll,2825.75 USD,u2v3w4x5y6z
2026-07-22,Netflix,Subscription,-15.49 USD,a7b8c9d0e1f
2026-07-25,Verizon Wireless,Phone bill,-63.40 USD,g2h3i4j5k6l
2026-07-27,LA Fitness,Membership fee,-45.00 USD,m7n8o9p0q1r
2026-08-01,BANK FEES,Monthly fee,-4.00 USD,s2t3u4v5w6x
2026-08-03,Hooli,Payroll,2860.00 USD,y7z8a9b0c1d
2026-08-05,EDISON POWER,Electricity bill,-80.90 USD,e2f3g4h5i6j
2026-08-07,Wine-Tarner Cable,Cable and internet,-94.80 USD,k7l8m9n0o1p
2026-08-10,Starbucks,Coffee run,-21.60 USD,q2r3s4t5u6v
2026-08-12,Amazon,Accessories,-58.75 USD,w7x8y9z0a1b
2026-08-15,Chase:Slate,Paying off credit card,-445.12 USD,c2d3e4f5g6h
2026-08-17,RiverBank Properties,Rent payment,-2500.00 USD,i7j8k9l0m1n
2026-08-20,Hooli,Payroll,2860.00 USD,o2p3q4r5s6t
2026-08-22,,Transfer to investment account,-2600.00 USD,u7v8w9x0y1z
2026-08-25,Target,Household supplies,-118.90 USD,a2b3c4d5e6f
2026-08-27,Whole Foods,Weekly groceries,-169.20 USD,g7h8i9j0k1l
2026-09-01,BANK FEES,Monthly fee,-4.00 USD,m2n3o4p5q6r
2026-09-03,Hooli,Payroll,2895.50 USD,s7t8u9v0w1x
2026-09-05,Netflix,Subscription,-15.49 USD,y2z3a4b5c6d
2026-09-07,Verizon Wireless,Phone bill,-65.05 USD,e7f8g9h0i1j
2026-09-10,LA Fitness,Membership fee,-45.00 USD,k2l3m4n5o6p
2026-09-12,Apple Store,App purchase,-18.99 USD,q7r8s9t0u1v
2026-09-15,Chase:Slate,Paying off credit card,-412.50 USD,w2x3y4z5a6b
2026-09-17,EDISON POWER,Electricity bill,-83.25 USD,c7d8e9f0g1h
2026-09-20,Hooli,Payroll,2895.50 USD,i2j3k4l5m6n
2026-09-22,Wine-Tarner Cable,Cable and internet,-97.45 USD,o7p8q9r0s1t
2026-09-25,Starbucks,Coffee run,-19.80 USD,u2v3w4x5y6z
2026-09-27,Amazon,Book order,-48.30 USD,a7b8c9d0e1f
2026-10-01,BANK FEES,Monthly fee,-4.00 USD,g2h3i4j5k6l
2026-10-03,Hooli,Payroll,2930.00 USD,m7n8o9p0q1r
2026-10-05,RiverBank Properties,Rent payment,-2550.00 USD,s2t3u4v5w6x
2026-10-07,Target,Clothing purchase,-78.60 USD,y7z8a9b0c1d
2026-10-10,,Transfer to savings account,-2300.00 USD,e2f3g4h5i6j
2026-10-12,Whole Foods,Weekly groceries,-176.10 USD,k7l8m9n0o1p
2026-10-15,Chase:Slate,Paying off credit card,-389.75 USD,q2r3s4t5u6v
2026-10-17,Netflix,Subscription,-15.49 USD,w7x8y9z0a1b
2026-10-20,Hooli,Payroll,2930.00 USD,c2d3e4f5g6h
2026-10-22,Verizon Wireless,Phone bill,-66.70 USD,i7j8k9l0m1n
2026-10-24,LA Fitness,Membership fee,-45.00 USD,o2p3q4r5s6t
2026-10-27,EDISON POWER,Electricity bill,-85.60 USD,u7v8w9x0y1z
2026-10-29,Wine-Tarner Cable,Cable and internet,-100.10 USD,a2b3c4d5e6f
2026-11-01,BANK FEES,Monthly fee,-4.00 USD,g7h8i9j0k1l
2026-11-03,Hooli,Payroll,2965.25 USD,m2n3o4p5q6r
2026-11-05,Amazon,Accessories,-65.20 USD,s7t8u9v0w1x
2026-11-07,Starbucks,Coffee run,-23.40 USD,y2z3a4b5c6d
2026-11-10,Apple Store,App purchase,-20.99 USD,e7f8g9h0i1j
2026-11-12,Chase:Slate,Paying off credit card,-475.30 USD,k2l3m4n5o6p
2026-11-15,RiverBank Properties,Rent payment,-2550.00 USD,q7r8s9t0u1v
2026-11-17,Target,Household supplies,-125.40 USD,w2x3y4z5a6b
2026-11-20,Hooli,Payroll,2965.25 USD,c7d8e9f0g1h
2026-11-22,,Transfer to investment account,-2800.00 USD,i2j3k4l5m6n
2026-11-25,Whole Foods,Weekly groceries,-183.00 USD,o7p8q9r0s1t
2026-11-27,Netflix,Subscription,-15.49 USD,u2v3w4x5y6z
2026-12-01,BANK FEES,Monthly fee,-4.00 USD,a7b8c9d0e1f
2026-12-03,Hooli,Payroll,3000.00 USD,g2h3i4j5k6l
2026-12-05,Verizon Wireless,Phone bill,-68.35 USD,m7n8o9p0q1r
2026-12-07,LA Fitness,Membership fee,-45.00 USD,s2t3u4v5w6x
2026-12-10,EDISON POWER,Electricity bill,-88.00 USD,y7z8a9b0c1d
2026-12-12,Wine-Tarner Cable,Cable and internet,-102.75 USD,e2f3g4h5i6j
2026-12-15,Chase:Slate,Paying off credit card,-432.10 USD,k7l8m9n0o1p
2025-12-05,Amazon,,89.99,USD,2f3c793d66
2025-12-05,Starbucks,Coffee,-5.75,USD,9dbd0e82ba
2025-12-06,Grocery Store,Weekly groceries,-125.43,USD,2a671dbddb
2025-12-07,Uber,Ride to work,-12.50,USD,69e908bbbe
2025-12-08,Netflix,,14.99,USD,debc3f92c1
2025-12-09,Apple Store,AirPods Pro,-249.00,USD,5c2b2c7eab
2025-12-10,Hooli,Payroll,2589.06,USD,632b5fe0a7
2025-12-11,Best Buy,New laptop,-899.99,USD,ebc695be10
2025-12-12,Chevron,Gas,-45.67,USD,34c2ba23c1
2025-12-13,Target,Household items,-78.32,USD,9e36d5acfb
2025-12-14,Chase:Slate,Paying off credit card,-550.25,USD,cacd0604bb
2025-12-15,EDISON POWER,,-68.50,USD,f97ab381a4
2025-12-16,Verizon Wireless,,-72.15,USD,d0d3476da5
2025-12-17,Hooli,Payroll,2589.06,USD,39d2cba17c
2025-12-18,,Transfer to savings,-1000.00,USD,689d1a693e
2025-12-19,Wine-Tarner Cable,,-82.99,USD,4811c1859b
2025-12-20,BANK FEES,Monthly bank fee,-4.00,USD,87bc667072
2025-12-21,Whole Foods,Groceries,-98.76,USD,c9650fdd1c
2025-12-22,DoorDash,Food delivery,-34.50,USD,2f3c793d67
2025-12-23,Apple Music,,10.99,USD,9dbd0e82bb
2025-12-24,Gas Company,Natural gas,-85.25,USD,2a671dbddc
2025-12-25,Amazon,Gift purchases,-156.89,USD,69e908bbbf
2025-12-26,Hooli,Payroll,2589.06,USD,debc3f92c2
2025-12-27,CVS Pharmacy,Medicine,-28.45,USD,5c2b2c7eac
2025-12-28,Chase:Slate,Paying off credit card,-475.30,USD,632b5fe0a8
2025-12-29,Gym Membership,Monthly fee,-29.99,USD,ebc695be11
2025-12-30,Water Utility,Water bill,-45.60,USD,34c2ba23c2
2025-12-31,Uber Eats,New Year's Eve dinner,-67.89,USD,9e36d5acfc
2026-01-01,Hooli,Payroll,2600.00,USD,cacd0604bc
2026-01-02,EDISON POWER,,-69.25,USD,f97ab381a5
2026-01-03,Verizon Wireless,,-73.45,USD,d0d3476da6
2026-01-04,RiverBank Properties,Rent payment,-2450.00,USD,39d2cba17d
2026-01-05,Amazon,Office supplies,-89.99,USD,689d1a693f
2026-01-06,BANK FEES,Monthly bank fee,-4.00,USD,4811c1859c
2026-01-07,Wine-Tarner Cable,,-84.50,USD,87bc667073
2026-01-08,Trader Joe's,Groceries,-67.89,USD,c9650fdd1d
2026-01-09,Hooli,Payroll,2600.00,USD,2f3c793d68
2026-01-10,Spotify,,12.99,USD,9dbd0e82bc
2026-01-11,Costco,Bulk groceries,-215.67,USD,2a671dbddd
2026-01-12,Chase:Slate,Paying off credit card,-512.75,USD,69e908bbc0
2026-01-13,Dentist,Dental cleaning,-185.00,USD,debc3f92c3
2026-01-14,Gas Station,Gas fill-up,-42.30,USD,5c2b2c7ead
2026-01-15,Hooli,Payroll,2600.00,USD,632b5fe0a9
2026-01-16,Home Depot,Home repairs,-156.89,USD,ebc695be12
2026-01-17,Netflix,,14.99,USD,34c2ba23c3
2026-01-18,AT&T,Cell phone,-65.50,USD,9e36d5acfd
2026-01-19,Amazon Prime,Annual membership,-139.00,USD,cacd0604bd
2026-01-20,EDISON POWER,,-70.75,USD,f97ab381a6
2026-01-21,Verizon Wireless,,-74.90,USD,d0d3476da7
2026-01-22,BANK FEES,Monthly bank fee,-4.00,USD,39d2cba17e
2026-01-23,Wine-Tarner Cable,,-86.25,USD,689d1a6940
2026-01-24,Hooli,Payroll,2600.00,USD,4811c1859d
2026-01-25,Restaurant,Dinner out,-78.50,USD,87bc667074
2026-01-26,Uber,Ride home,-18.75,USD,c9650fdd1e
2026-01-27,Apple App Store,App purchases,-12.99,USD,2f3c793d69
2026-01-28,Chase:Slate,Paying off credit card,-489.25,USD,9dbd0e82bd
2026-01-29,Grocery Store,Weekly groceries,-112.45,USD,2a671dbdde
2026-01-30,Gym Membership,Monthly fee,-29.99,USD,69e908bbc1
2026-01-31,Hooli,Payroll,2600.00,USD,debc3f92c4
2026-02-01,RiverBank Properties,Rent payment,-2450.00,USD,5c2b2c7eae
2026-02-02,EDISON POWER,,-71.50,USD,632b5fe0aa
2026-02-03,Verizon Wireless,,-76.20,USD,ebc695be13
2026-02-04,Amazon,Books,-45.67,USD,34c2ba23c4
2026-02-05,BANK FEES,Monthly bank fee,-4.00,USD,9e36d5acfe
2026-02-06,Wine-Tarner Cable,,-88.00,USD,cacd0604be
2026-02-07,Hooli,Payroll,2625.00,USD,f97ab381a7
2026-02-08,Gas Company,Natural gas,-92.45,USD,d0d3476da8
2026-02-09,Target,Clothing,-89.99,USD,39d2cba17f
2026-02-10,Chase:Slate,Paying off credit card,-534.80,USD,689d1a6941
2026-02-11,Starbucks,Coffee,-6.25,USD,4811c1859e
2026-02-12,Water Utility,Water bill,-48.75,USD,87bc667075
2026-02-13,Hooli,Payroll,2625.00,USD,c9650fdd1f
2026-02-14,Flower Shop,Valentine's flowers,-65.00,USD,2f3c793d6a
2026-02-15,Restaurant,Valentine's dinner,-125.50,USD,9dbd0e82be
2026-02-16,Netflix,,14.99,USD,2a671dbddf
2026-02-17,Uber,Ride to airport,-45.00,USD,69e908bbc2
2026-02-18,EDISON POWER,,-72.25,USD,debc3f92c5
2026-02-19,Verizon Wireless,,-77.65,USD,5c2b2c7eaf
2026-02-20,BANK FEES,Monthly bank fee,-4.00,USD,632b5fe0ab
2026-02-21,Wine-Tarner Cable,,-89.50,USD,ebc695be14
2026-02-22,Hooli,Payroll,2625.00,USD,34c2ba23c5
2026-02-23,Grocery Store,Weekly groceries,-118.90,USD,9e36d5acff
2026-02-24,Chase:Slate,Paying off credit card,-498.75,USD,cacd0604bf
2026-02-25,Gym Membership,Monthly fee,-29.99,USD,f97ab381a8
2026-02-26,Amazon,Electronics,-345.67,USD,d0d3476da9
2026-02-27,DoorDash,Food delivery,-28.50,USD,39d2cba180
2026-02-28,Hooli,Payroll,2625.00,USD,689d1a6942
2026-03-01,RiverBank Properties,Rent payment,-2450.00,USD,4811c1859f
2026-03-02,EDISON POWER,,-73.00,USD,87bc667076
2026-03-03,Verizon Wireless,,-79.10,USD,c9650fdd20
2026-03-04,BANK FEES,Monthly bank fee,-4.00,USD,2f3c793d6b
2026-03-05,Wine-Tarner Cable,,-91.25,USD,9dbd0e82bf
2026-03-06,Hooli,Payroll,2650.00,USD,2a671dbde0
2026-03-07,Gas Station,Gas fill-up,-38.45,USD,69e908bbc3
2026-03-08,Apple Music,,10.99,USD,debc3f92c6
2026-03-09,Target,Home goods,-67.89,USD,5c2b2c7eb0
2026-03-10,Chase:Slate,Paying off credit card,-567.40,USD,632b5fe0ac
2026-03-11,Dentist,Follow-up appointment,-95.00,USD,ebc695be15
2026-03-12,Grocery Store,Weekly groceries,-105.75,USD,34c2ba23c6
2026-03-13,Hooli,Payroll,2650.00,USD,9e36d5ad00
2026-03-14,Amazon,Household items,-78.99,USD,cacd0604c0
2026-03-15,Uber,Ride to meeting,-14.50,USD,f97ab381a9
2026-03-16,Netflix,,14.99,USD,d0d3476daa
2026-03-17,EDISON POWER,,-74.50,USD,39d2cba181
2026-03-18,Verizon Wireless,,-80.55,USD,689d1a6943
2026-03-19,BANK FEES,Monthly bank fee,-4.00,USD,4811c185a0
2026-03-20,Wine-Tarner Cable,,-93.00,USD,87bc667077
2026-03-21,Hooli,Payroll,2650.00,USD,c9650fdd21
2026-03-22,Gym Membership,Monthly fee,-29.99,USD,2f3c793d6c
2026-03-23,Restaurant,Birthday dinner,-89.50,USD,9dbd0e82c0
2026-03-24,Chase:Slate,Paying off credit card,-512.80,USD,2a671dbde1
2026-03-25,Whole Foods,Groceries,-134.25,USD,69e908bbc4
2026-03-26,Gas Company,Natural gas,-88.75,USD,debc3f92c7
2026-03-27,Amazon,Books and media,-56.89,USD,5c2b2c7eb1
2026-03-28,Hooli,Payroll,2650.00,USD,632b5fe0ad
2026-03-29,Water Utility,Water bill,-52.30,USD,ebc695be16
2026-03-30,Starbucks,Coffee,-5.99,USD,34c2ba23c7
2026-03-31,,Transfer to savings,-1500.00,USD,9e36d5ad01
2025-12-06,RiverBank Properties,Paying the rent,-2400.00,USD,a1b2c3d4e5
2025-12-09,EDISON POWER,,-65.00,USD,f6g7h8i9j0
2025-12-09,Chase:Slate,Paying off credit card,-645.32,USD,k1l2m3n4o5
2025-12-10,Verizon Wireless,,-71.27,USD,p6q7r8s9t0
2025-12-13,Wine-Tarner Cable,,-79.84,USD,u1v2w3x4y5
2025-12-20,Hooli,Payroll,2589.06,USD,z6a7b8c9d0
2025-12-21,,Transfering accumulated savings to other account,-3200,USD,e1f2g3h4i5
2025-12-22,Chase:Slate,Paying off credit card,-512.89,USD,j6k7l8m9n0
2026-01-04,BANK FEES,Monthly bank fee,-4.00,USD,o1p2q3r4s5
2026-01-06,RiverBank Properties,Paying the rent,-2400.00,USD,t6u7v8w9x0
2026-01-06,Hooli,Payroll,2589.06,USD,y1z2a3b4c5
2026-01-09,EDISON POWER,,-65.00,USD,d6e7f8g9h0
2026-01-09,Chase:Slate,Paying off credit card,-678.45,USD,i1j2k3l4m5
2026-01-10,Verizon Wireless,,-71.27,USD,n6o7p8q9r0
2026-01-13,Wine-Tarner Cable,,-79.84,USD,s1t2u3v4w5
2026-01-20,Hooli,Payroll,2589.06,USD,x6y7z8a9b0
2026-01-21,,Transfering accumulated savings to other account,-2800,USD,c1d2e3f4g5
2026-01-22,Chase:Slate,Paying off credit card,-695.12,USD,h6i7j8k9l0
2026-02-04,BANK FEES,Monthly bank fee,-4.00,USD,m1n2o3p4q5
2026-02-06,RiverBank Properties,Paying the rent,-2400.00,USD,r6s7t8u9v0
2026-02-06,Hooli,Payroll,2589.06,USD,w1x2y3z4a5
2026-02-09,EDISON POWER,,-65.00,USD,b6c7d8e9f0
2026-02-09,Chase:Slate,Paying off credit card,-734.56,USD,g1h2i3j4k5
2026-02-10,Verizon Wireless,,-71.27,USD,l6m7n8o9p0
2026-02-13,Wine-Tarner Cable,,-79.84,USD,q1r2s3t4u5
2026-02-20,Hooli,Payroll,2589.06,USD,v6w7x8y9z0
2026-02-21,,Transfering accumulated savings to other account,-3500,USD,a1b2c3d4e5
2026-02-22,Chase:Slate,Paying off credit card,-612.78,USD,f6g7h8i9j0
2026-03-04,BANK FEES,Monthly bank fee,-4.00,USD,k1l2m3n4o5
2026-03-06,RiverBank Properties,Paying the rent,-2400.00,USD,p6q7r8s9t0
2026-03-06,Hooli,Payroll,2589.06,USD,u1v2w3x4y5
2026-03-09,EDISON POWER,,-65.00,USD,z6a7b8c9d0
2026-03-09,Chase:Slate,Paying off credit card,-668.90,USD,e1f2g3h4i5
2026-03-10,Verizon Wireless,,-71.27,USD,j6k7l8m9n0
2026-03-13,Wine-Tarner Cable,,-79.84,USD,o1p2q3r4s5
2026-03-20,Hooli,Payroll,2589.06,USD,t6u7v8w9x0
2026-03-21,,Transfering accumulated savings to other account,-4000,USD,y1z2a3b4c5
2026-03-22,Chase:Slate,Paying off credit card,-701.23,USD,d6e7f8g9h0
2026-04-04,BANK FEES,Monthly bank fee,-4.00,USD,i1j2k3l4m5
2026-04-06,RiverBank Properties,Paying the rent,-2400.00,USD,n6o7p8q9r0
2026-04-06,Hooli,Payroll,2589.06,USD,s1t2u3v4w5
2026-04-09,EDISON POWER,,-65.00,USD,x6y7z8a9b0
2026-04-09,Chase:Slate,Paying off credit card,-719.45,USD,c1d2e3f4g5
2026-04-10,Verizon Wireless,,-71.27,USD,h6i7j8k9l0
2026-04-13,Wine-Tarner Cable,,-79.84,USD,m1n2o3p4q5
2026-04-20,Hooli,Payroll,2589.06,USD,r6s7t8u9v0
2026-04-21,,Transfering accumulated savings to other account,-3300,USD,w1x2y3z4a5
2026-04-22,Chase:Slate,Paying off credit card,-634.67,USD,b6c7d8e9f0
2026-05-04,BANK FEES,Monthly bank fee,-4.00,USD,g1h2i3j4k5
2026-05-06,RiverBank Properties,Paying the rent,-2400.00,USD,l6m7n8o9p0
2026-05-06,Hooli,Payroll,2589.06,USD,q1r2s3t4u5
2026-05-09,EDISON POWER,,-65.00,USD,v6w7x8y9z0
2026-05-09,Chase:Slate,Paying off credit card,-756.78,USD,a1b2c3d4e5
2026-05-10,Verizon Wireless,,-71.27,USD,f6g7h8i9j0
2026-05-13,Wine-Tarner Cable,,-79.84,USD,k1l2m3n4o5
2026-05-20,Hooli,Payroll,2589.06,USD,p6q7r8s9t0
2026-05-21,,Transfering accumulated savings to other account,-4200,USD,u1v2w3x4y5
2026-05-22,Chase:Slate,Paying off credit card,-689.34,USD,z6a7b8c9d0
2026-06-04,BANK FEES,Monthly bank fee,-4.00,USD,e1f2g3h4i5
2026-06-06,RiverBank Properties,Paying the rent,-2400.00,USD,j6k7l8m9n0
2026-06-06,Hooli,Payroll,2589.06,USD,o1p2q3r4s5
2026-06-09,EDISON POWER,,-65.00,USD,t6u7v8w9x0
2026-06-09,Chase:Slate,Paying off credit card,-625.42,USD,y1z2a3b4c5
2026-06-10,Verizon Wireless,,-71.27,USD,d6e7f8g9h0
2026-06-13,Wine-Tarner Cable,,-79.84,USD,i1j2k3l4m5
2026-06-20,Hooli,Payroll,2589.06,USD,n6o7p8q9r0
2026-06-21,,Transfering accumulated savings to other account,-3800,USD,s1t2u3v4w5
2026-06-22,Chase:Slate,Paying off credit card,-710.89,USD,x6y7z8a9b0
2026-07-04,BANK FEES,Monthly bank fee,-4.00,USD,c1d2e3f4g5
2026-07-06,RiverBank Properties,Paying the rent,-2400.00,USD,h6i7j8k9l0
2026-07-06,Hooli,Payroll,2589.06,USD,m1n2o3p4q5
2026-07-09,EDISON POWER,,-65.00,USD,r6s7t8u9v0
2026-07-09,Chase:Slate,Paying off credit card,-743.21,USD,w1x2y3z4a5
2026-07-10,Verizon Wireless,,-71.27,USD,b6c7d8e9f0
2026-07-13,Wine-Tarner Cable,,-79.84,USD,g1h2i3j4k5
2026-07-20,Hooli,Payroll,2589.06,USD,l6m7n8o9p0
2026-07-21,,Transfering accumulated savings to other account,-2900,USD,q1r2s3t4u5
2026-07-22,Chase:Slate,Paying off credit card,-672.15,USD,v6w7x8y9z0
2026-08-04,BANK FEES,Monthly bank fee,-4.00,USD,a1b2c3d4e5
2026-08-06,RiverBank Properties,Paying the rent,-2400.00,USD,f6g7h8i9j0
2026-08-06,Hooli,Payroll,2589.06,USD,k1l2m3n4o5
2026-08-09,EDISON POWER,,-65.00,USD,p6q7r8s9t0
2026-08-09,Chase:Slate,Paying off credit card,-598.67,USD,u1v2w3x4y5
2026-08-10,Verizon Wireless,,-71.27,USD,z6a7b8c9d0
2026-08-13,Wine-Tarner Cable,,-79.84,USD,e1f2g3h4i5
2026-08-20,Hooli,Payroll,2589.06,USD,j6k7l8m9n0
2026-08-21,,Transfering accumulated savings to other account,-4100,USD,o1p2q3r4s5
2026-08-22,Chase:Slate,Paying off credit card,-721.43,USD,t6u7v8w9x0
2026-09-04,BANK FEES,Monthly bank fee,-4.00,USD,y1z2a3b4c5
2026-09-06,RiverBank Properties,Paying the rent,-2400.00,USD,d6e7f8g9h0
2026-09-06,Hooli,Payroll,2589.06,USD,i1j2k3l4m5
2026-09-09,EDISON POWER,,-65.00,USD,n6o7p8q9r0
2026-09-09,Chase:Slate,Paying off credit card,-685.78,USD,s1t2u3v4w5
2026-09-10,Verizon Wireless,,-71.27,USD,x6y7z8a9b0
2026-09-13,Wine-Tarner Cable,,-79.84,USD,c1d2e3f4g5
2026-09-20,Hooli,Payroll,2589.06,USD,h6i7j8k9l0
2026-09-21,,Transfering accumulated savings to other account,-3600,USD,m1n2o3p4q5
2026-09-22,Chase:Slate,Paying off credit card,-652.91,USD,r6s7t8u9v0
2026-02-01,Netflix,Streaming subscription,-15.99,USD,1a2b3c4d5e
2026-02-02,Starbucks,Coffee,-4.75,USD,6f7g8h9i0j
2026-02-03,Apple,App Store purchase,-3.99,USD,aa11bb22cc
2026-02-04,Google Cloud,Compute credits,-120.00,USD,dd33ee44ff
2026-02-05,Amazon,Online shopping,-87.30,USD,1122aabbcc
2026-02-06,Spotify,Music subscription,-9.99,USD,dd44ee55ff
2026-02-07,NYC Transit,MetroCard reload,-33.00,USD,7766aabbdd
2026-02-08,PayPal,Transfer fee,-2.90,USD,8899ccddeeff
2026-02-09,Target,Household goods,-45.20,USD,0011223344
2026-02-10,Delta Airlines,Flight ticket,-350.00,USD,5566778899
2026-02-11,Electric Co.,Electricity bill,-92.45,USD,aa33bb44cc
2026-02-12,Water Works,Water bill,-38.20,USD,dd55ee66ff
2026-02-13,Home Depot,DIY supplies,-63.15,USD,1122dd3344
2026-02-14,Apple,Payroll,2600.00,USD,7788aa99bb
2026-02-15,Uber,Ride to airport,-27.80,USD,99aabbccdd
2026-02-16,Costco,Wholesale groceries,-115.60,USD,ff00112233
2026-02-17,Zoom,Pro subscription,-14.99,USD,4455667788
2026-02-18,Microsoft,Office 365,-69.99,USD,99bbccddeeff
2026-02-19,Starbucks,Latte,-5.25,USD,aa1122bb33
2026-02-20,Local Gym,Monthly fee,-29.99,USD,cc44dd55ee
2026-02-21,Amazon Prime,Annual membership,-139.00,USD,ff1122aa33
2026-02-22,Netflix,Streaming subscription,-15.99,USD,44aa55bb66
2026-02-23,AT&T,Cell phone,-65.50,USD,77cc88dd99
2026-02-24,Verizon Wireless,Phone bill,-74.90,USD,aa33bb44cc
2026-02-25,BANK FEES,Monthly bank fee,-4.00,USD,dd55ee66ff
2026-02-26,Restaurant,Dinner out,-78.50,USD,1122dd3344
2026-02-27,Apple App Store,App purchases,-12.99,USD,7788aa99bb
2026-02-28,Chase:Slate,Paying off credit card,-489.25,USD,99aabbccdd
2026-03-01,Grocery Store,Weekly groceries,-112.45,USD,ff00112233
2026-03-02,Wine-Tarner Cable,Internet,-86.25,USD,4455667788
2026-03-03,Google Ads,Ad spend,-210.00,USD,99bbccddeeff
2026-03-04,Adobe,Creative Cloud,-52.99,USD,aa1122bb33
2026-03-05,Slack,Team plan,-8.00,USD,cc44dd55ee
2026-03-06,Uber,Eats delivery,-23.40,USD,ff1122aa33
2026-03-07,Airbnb,Short‑term stay,-145.00,USD,44aa55bb66
2026-03-08,NYC Parking,Monthly permit,-45.00,USD,77cc88dd99
2026-03-09,Apple,Payroll,2600.00,USD,aa33bb44cc
2026-03-10,Microsoft,Payroll,2600.00,USD,dd55ee66ff
2026-03-11,Amazon,Office supplies,-57.80,USD,1122dd3344
2026-03-12,Target,Clothing,-63.90,USD,7788aa99bb
2026-03-13,Spotify,Family plan,-14.99,USD,99aabbccdd
2026-03-14,Netflix,Streaming subscription,-15.99,USD,ff00112233
2026-03-15,Starbucks,Coffee,-4.75,USD,4455667788
2026-03-16,Electric Co.,Electricity bill,-94.10,USD,99bbccddeeff
2026-03-17,Water Works,Water bill,-37.80,USD,aa1122bb33
2026-03-18,Home Depot,Tools,-48.55,USD,cc44dd55ee
2026-03-19,Costco,Groceries,-128.70,USD,ff1122aa33
2026-03-20,Zoom,Pro subscription,-14.99,USD,44aa55bb66
2026-03-21,Google Cloud,Storage,-78.00,USD,77cc88dd99
2026-03-22,PayPal,Transfer fee,-2.90,USD,aa33bb44cc
2026-03-23,Apple,App Store purchase,-4.99,USD,dd55ee66ff
2026-03-24,Uber,Ride home,-19.20,USD,1122dd3344
2026-03-25,Restaurant,Lunch,-32.40,USD,7788aa99bb
2026-03-26,NYC Transit,MetroCard reload,-33.00,USD,99aabbccdd
2026-03-27,Starbucks,Latte,-5.25,USD,ff00112233
2026-03-28,Local Gym,Monthly fee,-29.99,USD,4455667788
2026-03-29,Netflix,Streaming subscription,-15.99,USD,99bbccddeeff
2026-03-30,Amazon Prime,Annual membership,-139.00,USD,aa1122bb33
2026-03-31,AT&T,Cell phone,-65.50,USD,cc44dd55ee
2026-04-01,Verizon Wireless,Phone bill,-74.90,USD,ff1122aa33
2026-04-02,BANK FEES,Monthly bank fee,-4.00,USD,44aa55bb66
2026-04-03,Restaurant,Dinner out,-78.50,USD,77cc88dd99
2026-04-04,Apple App Store,App purchases,-12.99,USD,aa33bb44cc
2026-04-05,Chase:Slate,Paying off credit card,-489.25,USD,dd55ee66ff
2026-04-06,Grocery Store,Weekly groceries,-112.45,USD,1122dd3344
2026-04-07,Wine-Tarner Cable,Internet,-86.25,USD,7788aa99bb
2026-04-08,Apple,Payroll,2600.00,USD,99aabbccdd
2026-04-09,Microsoft,Payroll,2600.00,USD,ff00112233
2026-04-10,Google Ads,Ad spend,-210.00,USD,4455667788
2026-04-11,Adobe,Creative Cloud,-52.99,USD,99bbccddeeff
2026-04-12,Slack,Team plan,-8.00,USD,aa1122bb33
2026-04-13,Uber,Eats delivery,-23.40,USD,cc44dd55ee
2026-04-14,Airbnb,Short‑term stay,-145.00,USD,ff1122aa33
2026-04-15,NYC Parking,Monthly permit,-45.00,USD,44aa55bb66
2026-04-16,Apple,Payroll,2600.00,USD,77cc88dd99
2026-04-17,Microsoft,Payroll,2600.00,USD,aa33bb44cc
2026-04-18,Amazon,Office supplies,-57.80,USD,dd55ee66ff
2026-04-19,Target,Clothing,-63.90,USD,1122dd3344
2026-04-20,Spotify,Family plan,-14.99,USD,7788aa99bb
2026-04-21,Netflix,Streaming subscription,-15.99,USD,99aabbccdd
2026-04-22,Starbucks,Coffee,-4.75,USD,ff00112233
2026-04-23,Electric Co.,Electricity bill,-94.10,USD,4455667788
2026-04-24,Water Works,Water bill,-37.80,USD,99bbccddeeff
2026-04-25,Home Depot,Tools,-48.55,USD,aa1122bb33
2026-04-26,Costco,Groceries,-128.70,USD,cc44dd55ee
2026-04-27,Zoom,Pro subscription,-14.99,USD,ff1122aa33
2026-04-28,Google Cloud,Storage,-78.00,USD,44aa55bb66
2026-04-29,PayPal,Transfer fee,-2.90,USD,77cc88dd99
2026-04-30,Apple,App Store purchase,-4.99,USD,aa33bb44cc
2026-05-01,Uber,Ride home,-19.20,USD,dd55ee66ff
2026-05-02,Restaurant,Lunch,-32.40,USD,1122dd3344
2026-05-03,NYC Transit,MetroCard reload,-33.00,USD,7788aa99bb
2026-05-04,Starbucks,Latte,-5.25,USD,99aabbccdd
2026-05-05,Local Gym,Monthly fee,-29.99,USD,ff00112233
2026-05-06,Netflix,Streaming subscription,-15.99,USD,4455667788
2026-05-07,Amazon Prime,Annual membership,-139.00,USD,99bbccddeeff
2026-05-08,AT&T,Cell phone,-65.50,USD,aa1122bb33
2026-05-09,Verizon Wireless,Phone bill,-74.90,USD,cc44dd55ee
2026-05-10,BANK FEES,Monthly bank fee,-4.00,USD,ff1122aa33
2026-05-11,Restaurant,Dinner out,-78.50,USD,44aa55bb66
2026-05-12,Apple App Store,App purchases,-12.99,USD,77cc88dd99
2026-05-13,Chase:Slate,Paying off credit card,-489.25,USD,aa33bb44cc
2026-05-14,Grocery Store,Weekly groceries,-112.45,USD,dd55ee66ff
2026-05-15,Wine-Tarner Cable,Internet,-86.25,USD,1122dd3344
2026-05-16,Apple,Payroll,2600.00,USD,7788aa99bb
2026-05-17,Microsoft,Payroll,2600.00,USD,99aabbccdd
2026-05-18,Google Ads,Ad spend,-210.00,USD,ff00112233
2026-05-19,Adobe,Creative Cloud,-52.99,USD,4455667788
2026-05-20,Slack,Team plan,-8.00,USD,99bbccddeeff
2026-05-21,Uber,Eats delivery,-23.40,USD,aa1122bb33
2026-05-22,Airbnb,Short‑term stay,-145.00,USD,cc44dd55ee
2026-05-23,NYC Parking,Monthly permit,-45.00,USD,ff1122aa33
2026-05-24,Apple,Payroll,2600.00,USD,44aa55bb66
2026-05-25,Microsoft,Payroll,2600.00,USD,77cc88dd99
2026-05-26,Amazon,Office supplies,-57.80,USD,aa33bb44cc
2026-05-27,Target,Clothing,-63.90,USD,dd55ee66ff
2026-05-28,Spotify,Family plan,-14.99,USD,1122dd3344
2026-05-29,Netflix,Streaming subscription,-15.99,USD,7788aa99bb
2026-05-30,Starbucks,Coffee,-4.75,USD,99aabbccdd
2026-05-31,Electric Co.,Electricity bill,-92.45,USD,ff00112233
2026-06-01,Water Works,Water bill,-38.20,USD,4455667788
2026-06-02,Home Depot,DIY supplies,-63.15,USD,99bbccddeeff
2026-06-03,Costco,Wholesale groceries,-115.60,USD,aa1122bb33
2026-06-04,Zoom,Pro subscription,-14.99,USD,cc44dd55ee
2026-06-05,Google Cloud,Compute credits,-120.00,USD,ff1122aa33
2026-06-06,PayPal,Transfer fee,-2.90,USD,44aa55bb66
2026-06-07,Apple,App Store purchase,-3.99,USD,77cc88dd99
2026-06-08,Uber,Ride home,-18.75,USD,aa33bb44cc
2026-06-09,Restaurant,Dinner out,-78.50,USD,dd55ee66ff
2026-06-10,NYC Transit,MetroCard reload,-33.00,USD,1122dd3344
2026-06-11,Starbucks,Latte,-5.25,USD,7788aa99bb
2026-06-12,Local Gym,Monthly fee,-29.99,USD,99aabbccdd
2026-06-13,Netflix,Streaming subscription,-15.99,USD,ff00112233
2026-06-14,Amazon Prime,Annual membership,-139.00,USD,4455667788
2026-06-15,AT&T,Cell phone,-65.50,USD,99bbccddeeff
2026-06-16,Verizon Wireless,Phone bill,-74.90,USD,aa1122bb33
2026-06-17,BANK FEES,Monthly bank fee,-4.00,USD,cc44dd55ee
2026-06-18,Restaurant,Takeout,-42.30,USD,ff1122aa33
2026-06-19,Apple App Store,App purchases,-12.99,USD,44aa55bb66
2026-06-20,Chase:Slate,Paying off credit card,-489.25,USD,77cc88dd99
2026-06-21,Grocery Store,Weekly groceries,-112.45,USD,aa33bb44cc
2026-06-22,Wine-Tarner Cable,Internet,-86.25,USD,dd55ee66ff
2026-06-23,Apple,Payroll,2600.00,USD,1122dd3344
2026-06-24,Microsoft,Payroll,2600.00,USD,7788aa99bb
2026-06-25,Google Ads,Ad spend,-210.00,USD,99aabbccdd
2026-06-26,Adobe,Creative Cloud,-52.99,USD,ff00112233
2026-06-27,Slack,Team plan,-8.00,USD,4455667788
2026-06-28,Uber,Eats delivery,-23.40,USD,99bbccddeeff
2026-06-29,Airbnb,Short‑term stay,-145.00,USD,aa1122bb33
2026-06-30,NYC Parking,Monthly permit,-45.00,USD,cc44dd55ee
2026-02-01,AT&T,Cell phone,-65.50,USD,a1b2c3d4ef
2026-02-02,Spotify,Music streaming,-12.99,USD,b2c3d4e5f0
2026-02-03,EDISON POWER,Electricity,-72.40,USD,c3d4e5f6g1
2026-02-04,Whole Foods,Groceries,-156.78,USD,d4e5f6g7h2
2026-02-05,Hooli,Payroll,2600.00,USD,e5f6g7h8i3
2026-02-06,Verizon Wireless,Phone bill,-74.90,USD,f6g7h8i9j4
2026-02-07,CVS,Medicine,-34.21,USD,g7h8i9j0k5
2026-02-08,Restaurant,Lunch,-42.30,USD,h8i9j0k1l6
2026-02-09,Target,Shopping,-89.45,USD,i9j0k1l2m7
2026-02-10,Chase:Slate,Credit card payment,-500.00,USD,j0k1l2m3n8
2026-02-11,Amazon Prime,Renewal,-139.00,USD,k1l2m3n4o9
2026-02-12,Wine-Tarner Cable,Internet,-86.25,USD,l2m3n4o5p0
2026-02-13,Uber,Transportation,-22.50,USD,m3n4o5p6q1
2026-02-14,Starbucks,Coffee,-6.75,USD,n4o5p6q7r2
2026-02-15,Hooli,Payroll,2600.00,USD,o5p6q7r8s3
2026-02-16,Apple App Store,Apps,-19.99,USD,p6q7r8s9t4
2026-02-17,Gym Membership,Monthly,-29.99,USD,q7r8s9t0u5
2026-02-18,Gas Station,Fuel,-52.30,USD,r8s9t0u1v6
2026-02-19,Trader Joe's,Groceries,-78.92,USD,s9t0u1v2w7
2026-02-20,Netflix,Streaming,-15.99,USD,t0u1v2w3x8
2026-02-21,Hooli,Payroll,2600.00,USD,u1v2w3x4y9
2026-02-22,BANK FEES,Monthly fee,-4.00,USD,v2w3x4y5z0
2026-02-23,Walgreens,Pharmacy,-45.67,USD,w3x4y5z6a1
2026-02-24,Restaurant,Dinner,-95.20,USD,x4y5z6a7b2
2026-02-25,Lyft,Ride,-18.40,USD,y5z6a7b8c3
2026-02-26,Best Buy,Electronics,-120.00,USD,z6a7b8c9d4
2026-02-27,Hooli,Payroll,2600.00,USD,a7b8c9d0e5
2026-02-28,Amazon,Shopping,-63.45,USD,b8c9d0e1f6
2026-03-01,AT&T,Cell phone,-65.50,USD,c9d0e1f2g7
2026-03-02,Costco,Membership,-60.00,USD,d0e1f2g3h8
2026-03-03,EDISON POWER,Electricity,-68.90,USD,e1f2g3h4i9
2026-03-04,Whole Foods,Groceries,-142.33,USD,f2g3h4i5j0
2026-03-05,Hooli,Payroll,2600.00,USD,g3h4i5j6k1
2026-03-06,Verizon Wireless,Phone bill,-74.90,USD,h4i5j6k7l2
2026-03-07,Chipotle,Lunch,-14.50,USD,i5j6k7l8m3
2026-03-08,Target,Household,-76.54,USD,j6k7l8m9n4
2026-03-09,Chase:Slate,Credit card payment,-550.00,USD,k7l8m9n0o5
2026-03-10,Wine-Tarner Cable,Internet,-86.25,USD,l8m9n0o1p6
2026-03-11,Uber Eats,Food delivery,-28.99,USD,m9n0o1p2q7
2026-03-12,Apple Music,Subscription,-10.99,USD,n0o1p2q3r8
2026-03-13,Gym Membership,Monthly,-29.99,USD,o1p2q3r4s9
2026-03-14,Shell Gas,Fuel,-48.75,USD,p2q3r4s5t0
2026-03-15,Hooli,Payroll,2600.00,USD,q3r4s5t6u1
2026-03-16,Trader Joe's,Groceries,-85.40,USD,r4s5t6u7v2
2026-03-17,Hulu,Streaming,-7.99,USD,s5t6u7v8w3
2026-03-18,Movie Theater,Entertainment,-32.00,USD,t6u7v8w9x4
2026-03-19,Lyft,Ride,-21.80,USD,u7v8w9x0y5
2026-03-20,Hooli,Payroll,2600.00,USD,v8w9x0y1z6
2026-03-21,BANK FEES,Monthly fee,-4.00,USD,w9x0y1z2a7
2026-03-22,CVS,Shopping,-28.45,USD,x0y1z2a3b8
2026-03-23,Restaurant,Dinner,-88.60,USD,y1z2a3b4c9
2026-03-24,Amazon Prime,Renewal,-139.00,USD,z2a3b4c5d0
2026-03-25,Whole Foods,Groceries,-165.78,USD,a3b4c5d6e1
2026-03-26,Hooli,Payroll,2600.00,USD,b4c5d6e7f2
2026-03-27,AT&T,Cell phone,-65.50,USD,c5d6e7f8g3
2026-03-28,Verizon Wireless,Phone bill,-74.90,USD,d6e7f8g9h4
2026-03-29,EDISON POWER,Electricity,-71.20,USD,e7f8g9h0i5
2026-03-30,Spotify,Music streaming,-12.99,USD,f8g9h0i1j6
2026-03-31,Wine-Tarner Cable,Internet,-86.25,USD,g9h0i1j2k7
2026-04-01,Trader Joe's,Groceries,-98.30,USD,h0i1j2k3l8
2026-04-02,Target,Shopping,-110.45,USD,i1j2k3l4m9
2026-04-03,Hooli,Payroll,2600.00,USD,j2k3l4m5n0
2026-04-04,Gym Membership,Monthly,-29.99,USD,k3l4m5n6o1
2026-04-05,Uber,Ride,-19.50,USD,l4m5n6o7p2
2026-04-06,Chase:Slate,Credit card payment,-575.00,USD,m5n6o7p8q3
2026-04-07,Apple App Store,Apps,-24.99,USD,n6o7p8q9r4
2026-04-08,Gas Station,Fuel,-55.40,USD,o7p8q9r0s5
2026-04-09,Hooli,Payroll,2600.00,USD,p8q9r0s1t6
2026-04-10,Restaurant,Dinner,-72.15,USD,q9r0s1t2u7
2026-04-11,Whole Foods,Groceries,-134.50,USD,r0s1t2u3v8
2026-04-12,Netflix,Streaming,-15.99,USD,s1t2u3v4w9
2026-04-13,BANK FEES,Monthly fee,-4.00,USD,t2u3v4w5x0
2026-04-14,Walgreens,Pharmacy,-37.82,USD,u3v4w5x6y1
2026-04-15,Hooli,Payroll,2600.00,USD,v4w5x6y7z2
2026-04-16,Amazon,Shopping,-71.20,USD,w5x6y7z8a3
2026-04-17,Lyft,Ride,-23.60,USD,x6y7z8a9b4
2026-04-18,Starbucks,Coffee,-7.45,USD,y7z8a9b0c5
2026-04-19,Best Buy,Electronics,-89.99,USD,z8a9b0c1d6
2026-04-20,Hooli,Payroll,2600.00,USD,a9b0c1d2e7
2026-04-21,Wine-Tarner Cable,Internet,-86.25,USD,b0c1d2e3f8
2026-04-22,AT&T,Cell phone,-65.50,USD,c1d2e3f4g9
2026-04-23,EDISON POWER,Electricity,-69.85,USD,d2e3f4g5h0
2026-04-24,Verizon Wireless,Phone bill,-74.90,USD,e3f4g5h6i1
2026-04-25,Trader Joe's,Groceries,-91.60,USD,f4g5h6i7j2
2026-04-26,Hooli,Payroll,2600.00,USD,g5h6i7j8k3
2026-04-27,Target,Household,-95.30,USD,h6i7j8k9l4
2026-04-28,Uber Eats,Food delivery,-31.45,USD,i7j8k9l0m5
2026-04-29,Gym Membership,Monthly,-29.99,USD,j8k9l0m1n6
2026-04-30,Chase:Slate,Credit card payment,-600.00,USD,k9l0m1n2o7
2026-05-01,Apple Music,Subscription,-10.99,USD,l0m1n2o3p8
2026-05-02,Hooli,Payroll,2600.00,USD,m1n2o3p4q9
2026-05-03,Amazon Prime,Renewal,-139.00,USD,n2o3p4q5r0
2026-05-04,Whole Foods,Groceries,-128.75,USD,o3p4q5r6s1
2026-05-05,Shell Gas,Fuel,-51.20,USD,p4q5r6s7t2
2026-05-06,Hooli,Payroll,2600.00,USD,q5r6s7t8u3
2026-04-23,Netflix,Streaming,-15.99,USD,d2e3f4g5h0
2026-04-24,Trader Joe's,Groceries,-75.20,USD,e3f4g5h6i1
2026-04-25,Hooli,Payroll,2600.00,USD,f4g5h6i7j2
2026-04-26,Starbucks,Coffee,-8.75,USD,g5h6i7j8k3
2026-04-27,Amazon,Shopping,-42.10,USD,h6i7j8k9l4
2026-04-28,Gym Membership,Monthly,-29.99,USD,i7j8k9l0m5
2026-04-29,Gas Station,Fuel,-60.00,USD,j8k9l0m1n6
2026-04-30,Spotify,Music streaming,-12.99,USD,k9l0m1n2o7
2026-05-01,Whole Foods,Groceries,-115.30,USD,l0m1n2o3p8
2026-05-02,Uber,Ride,-22.00,USD,m1n2o3p4q9
2026-05-03,Hooli,Payroll,2600.00,USD,n2o3p4q5r0
2026-05-04,Target,Shopping,-85.60,USD,o3p4q5r6s1
2026-05-05,Restaurant,Dinner,-65.40,USD,p4q5r6s7t2
2026-05-06,Chase:Slate,Credit card payment,-450.00,USD,q5r6s7t8u3
2026-05-07,Apple App Store,Apps,-9.99,USD,r6s7t8u9v4
2026-05-08,Walgreens,Pharmacy,-28.15,USD,s7t8u9v0w5
2026-05-09,Hooli,Payroll,2600.00,USD,t8u9v0w1x6
2026-05-10,Best Buy,Electronics,-150.00,USD,u9v0w1x2y7
2026-05-11,Lyft,Ride,-15.75,USD,v0w1x2y3z8
2026-05-12,BANK FEES,Monthly fee,-4.00,USD,w1x2y3z4a9
2026-05-13,Wine-Tarner Cable,Internet,-86.25,USD,x2y3z4a5b0
2026-05-14,AT&T,Cell phone,-65.50,USD,y3z4a5b6c1
2026-05-15,Hooli,Payroll,2600.00,USD,z4a5b6c7d2
2026-05-16,Netflix,Streaming,-15.99,USD,a5b6c7d8e3
2026-05-17,Trader Joe's,Groceries,-92.80,USD,b6c7d8e9f4
2026-05-18,Starbucks,Coffee,-6.25,USD,c7d8e9f0g5
2026-05-19,Amazon,Shopping,-58.30,USD,d8e9f0g1h6
2026-05-20,Gym Membership,Monthly,-29.99,USD,e9f0g1h2i7
2026-05-21,Gas Station,Fuel,-48.50,USD,f0g1h2i3j8
2026-05-22,Spotify,Music streaming,-12.99,USD,g1h2i3j4k9
2026-05-23,Hooli,Payroll,2600.00,USD,h2i3j4k5l0
2026-05-24,Whole Foods,Groceries,-128.00,USD,i3j4k5l6m1
2026-05-25,Uber,Ride,-28.50,USD,j4k5l6m7n2
2026-05-26,Target,Shopping,-105.00,USD,k5l6m7n8o3
2026-05-27,Restaurant,Lunch,-35.00,USD,l6m7n8o9p4
2026-05-28,Chase:Slate,Credit card payment,-600.00,USD,m7n8o9p0q5
2026-05-29,Apple App Store,Apps,-14.99,USD,n8o9p0q1r6
2026-05-30,Walgreens,Pharmacy,-18.90,USD,o9p0q1r2s7
2026-05-31,Hooli,Payroll,2600.00,USD,p0q1r2s3t8
2026-06-01,Best Buy,Electronics,-99.99,USD,q1r2s3t4u9
2026-06-02,Lyft,Ride,-17.20,USD,r2s3t4u5v0
2026-06-03,BANK FEES,Monthly fee,-4.00,USD,s3t4u5v6w1
2026-06-04,Wine-Tarner Cable,Internet,-86.25,USD,t4u5v6w7x2
2026-06-05,AT&T,Cell phone,-65.50,USD,u5v6w7x8y3
2026-06-06,Hooli,Payroll,2600.00,USD,v6w7x8y9z4
2026-06-07,Netflix,Streaming,-15.99,USD,w7x8y9z0a5
2026-06-08,Trader Joe's,Groceries,-88.10,USD,x8y9z0a1b6
2026-06-09,Starbucks,Coffee,-5.50,USD,y9z0a1b2c7
2026-06-10,Amazon,Shopping,-70.00,USD,z0a1b2c3d8
2026-06-11,Gym Membership,Monthly,-29.99,USD,a1b2c3d4e9
2026-06-12,Gas Station,Fuel,-52.30,USD,b2c3d4e5f0
2026-06-13,Spotify,Music streaming,-12.99,USD,c3d4e5f6g1
2026-06-14,Hooli,Payroll,2600.00,USD,d4e5f6g7h2
2026-06-15,Whole Foods,Groceries,-102.40,USD,e5f6g7h8i3
2026-06-16,Uber,Ride,-30.00,USD,f6g7h8i9j4
2026-06-17,Target,Shopping,-120.00,USD,g7h8i9j0k5
2026-06-18,Restaurant,Dinner,-78.90,USD,h8i9j0k1l6
2026-06-19,Chase:Slate,Credit card payment,-500.00,USD,i9j0k1l2m7
2026-06-20,Apple App Store,Apps,-19.99,USD,j0k1l2m3n8
2026-06-21,Walgreens,Pharmacy,-45.00,USD,k1l2m3n4o9
2026-06-22,Hooli,Payroll,2600.00,USD,l2m3n4o5p0
2026-06-23,Best Buy,Electronics,-200.00,USD,m3n4o5p6q1
2026-06-24,Lyft,Ride,-25.00,USD,n4o5p6q7r2
2026-06-25,BANK FEES,Monthly fee,-4.00,USD,o5p6q7r8s3
2026-06-26,Wine-Tarner Cable,Internet,-86.25,USD,p6q7r8s9t4
2026-06-27,AT&T,Cell phone,-65.50,USD,q7r8s9t0u5
2026-06-28,Hooli,Payroll,2600.00,USD,r8s9t0u1v6
2026-06-29,Netflix,Streaming,-15.99,USD,s9t0u1v2w7
2026-06-30,Trader Joe's,Groceries,-95.00,USD,t0u1v2w3x8
2026-07-01,Starbucks,Coffee,-7.00,USD,u1v2w3x4y9
2026-07-02,Amazon,Shopping,-62.50,USD,v2w3x4y5z0
2026-07-03,Gym Membership,Monthly,-29.99,USD,w3x4y5z6a1
2026-07-04,Gas Station,Fuel,-58.00,USD,x4y5z6a7b2
2026-07-05,Spotify,Music streaming,-12.99,USD,y5z6a7b8c3
2026-07-06,Hooli,Payroll,2600.00,USD,z6a7b8c9d4
2026-07-07,Whole Foods,Groceries,-110.00,USD,a7b8c9d0e5
2026-07-08,Uber,Ride,-20.50,USD,b8c9d0e1f6
2026-07-09,Target,Shopping,-98.00,USD,c9d0e1f2g7
2026-07-10,Restaurant,Breakfast,-25.00,USD,d0e1f2g3h8
2026-07-11,Chase:Slate,Credit card payment,-550.00,USD,e1f2g3h4i9
2026-07-12,Apple App Store,Apps,-10.99,USD,f2g3h4i5j0
2026-07-13,Walgreens,Pharmacy,-32.00,USD,g3h4i5j6k1
2026-07-14,Hooli,Payroll,2600.00,USD,h4i5j6k7l2
2026-07-15,Best Buy,Electronics,-175.00,USD,i5j6k7l8m3
2026-07-16,Lyft,Ride,-18.00,USD,j6k7l8m9n4
2026-07-17,BANK FEES,Monthly fee,-4.00,USD,k7l8m9n0o5
2026-07-18,Wine-Tarner Cable,Internet,-86.25,USD,l8m9n0o1p6
2026-07-19,AT&T,Cell phone,-65.50,USD,m9n0o1p2q7
2026-07-20,Hooli,Payroll,2600.00,USD,n0o1p2q3r8
2026-07-21,Netflix,Streaming,-15.99,USD,o1p2q3r4s9
2026-07-22,Trader Joe's,Groceries,-80.00,USD,p2q3r4s5t0
2026-07-23,Starbucks,Coffee,-9.00,USD,q3r4s5t6u1
2026-07-24,Amazon,Shopping,-49.99,USD,r4s5t6u7v2
2026-07-25,Gym Membership,Monthly,-29.99,USD,s5t6u7v8w3
2026-07-26,Gas Station,Fuel,-50.00,USD,t6u7v8w9x4
2026-07-27,Spotify,Music streaming,-12.99,USD,u7v8w9x0y5
2026-07-28,Hooli,Payroll,2600.00,USD,v8w9x0y1z6
2026-07-29,Whole Foods,Groceries,-125.00,USD,w9x0y1z2a7
2026-07-30,Uber,Ride,-24.00,USD,x0y1z2a3b8
2026-07-31,Target,Shopping,-115.00,USD,y1z2a3b4c9